"Message","Id","Version","Qualifiers","Level","Task","Opcode","Keywords","RecordId","ProviderName","ProviderId","LogName","ProcessId","ThreadId","MachineName","UserId","TimeCreated","ActivityId","RelatedActivityId","ContainerLog","MatchedQueryIds","Bookmark","LevelDisplayName","OpcodeDisplayName","TaskDisplayName","KeywordsDisplayNames","Properties"
"Internal event: Online Defragment Start succeeded. 
 
Duration in seconds:3600 
","3027","0","16384","4","6","0","-9187343239835811840","687","Microsoft-Windows-ActiveDirectory_DomainService","0e8478c5-3605-4e8c-8497-1e730c959516","Directory Service","832","1004","DC300152260.DC300152260-00.local","S-1-5-7","11/27/2025 7:32:04 PM",,,"Directory Service","System.UInt32[]","System.Diagnostics.Eventing.Reader.EventBookmark","Information",,"Garbage Collection","System.Collections.ObjectModel.ReadOnlyCollection`1[System.String]","System.Collections.Generic.List`1[System.Diagnostics.Eventing.Reader.EventProperty]"
"Internal event: Online Defragment Stop invoked but defrag was not running.","3033","0","16384","4","6","0","-9187343239835811840","686","Microsoft-Windows-ActiveDirectory_DomainService","0e8478c5-3605-4e8c-8497-1e730c959516","Directory Service","832","1004","DC300152260.DC300152260-00.local","S-1-5-7","11/27/2025 7:32:04 PM",,,"Directory Service","System.UInt32[]","System.Diagnostics.Eventing.Reader.EventBookmark","Information",,"Garbage Collection","System.Collections.ObjectModel.ReadOnlyCollection`1[System.String]","System.Collections.Generic.List`1[System.Diagnostics.Eventing.Reader.EventProperty]"
"NTDS (832,D,0) NTDSA: Online defragmentation has completed a full pass on database 'C:\Windows\NTDS\ntds.dit', freeing 0 pages. This pass started on 11/27/2025 and ran for a total of 0 seconds, requiring 1 invocations over 1 days. Since the database was created it has been fully defragmented 114 times.","701","0","0","4","10","0","36028797018963968","685","NTDS ISAM",,"Directory Service","0","0","DC300152260.DC300152260-00.local",,"11/27/2025 7:32:04 PM",,,"Directory Service","System.UInt32[]","System.Diagnostics.Eventing.Reader.EventBookmark","Information","Info","Performance","System.Collections.ObjectModel.ReadOnlyCollection`1[System.String]","System.Collections.Generic.List`1[System.Diagnostics.Eventing.Reader.EventProperty]"
"NTDS (832,D,0) NTDSA: Online defragmentation is beginning a full pass on database 'C:\Windows\NTDS\ntds.dit'.","700","0","0","4","10","0","36028797018963968","684","NTDS ISAM",,"Directory Service","0","0","DC300152260.DC300152260-00.local",,"11/27/2025 7:32:04 PM",,,"Directory Service","System.UInt32[]","System.Diagnostics.Eventing.Reader.EventBookmark","Information","Info","Performance","System.Collections.ObjectModel.ReadOnlyCollection`1[System.String]","System.Collections.Generic.List`1[System.Diagnostics.Eventing.Reader.EventProperty]"
"Internal event: The Address Book hierarchy table has been rebuilt.","1162","0","16384","4","9","0","-9187343239835811840","683","Microsoft-Windows-ActiveDirectory_DomainService","0e8478c5-3605-4e8c-8497-1e730c959516","Directory Service","832","1004","DC300152260.DC300152260-00.local","S-1-5-7","11/27/2025 7:17:04 PM",,,"Directory Service","System.UInt32[]","System.Diagnostics.Eventing.Reader.EventBookmark","Information",,"Internal Processing","System.Collections.ObjectModel.ReadOnlyCollection`1[System.String]","System.Collections.Generic.List`1[System.Diagnostics.Eventing.Reader.EventProperty]"
"The security of this directory server can be significantly enhanced by configuring the server to enforce  validation of Channel Binding Tokens received in LDAP bind requests sent over LDAPS connections. Even if  no clients are issuing LDAP bind requests over LDAPS, configuring the server to validate Channel Binding  Tokens will improve the security of this server. 
 
For more details and information on how to make this configuration change to the server, please see https://go.microsoft.com/fwlink/?linkid=2102405.","3041","0","32768","3","16","0","-9187343239835811840","682","Microsoft-Windows-ActiveDirectory_DomainService","0e8478c5-3605-4e8c-8497-1e730c959516","Directory Service","832","1004","DC300152260.DC300152260-00.local","S-1-5-7","11/27/2025 7:17:03 PM",,,"Directory Service","System.UInt32[]","System.Diagnostics.Eventing.Reader.EventBookmark","Warning",,"LDAP Interface","System.Collections.ObjectModel.ReadOnlyCollection`1[System.String]","System.Collections.Generic.List`1[System.Diagnostics.Eventing.Reader.EventProperty]"
"Internal event: Online Defragment Start succeeded. 
 
Duration in seconds:3600 
","3027","0","16384","4","6","0","-9187343239835811840","681","Microsoft-Windows-ActiveDirectory_DomainService","0e8478c5-3605-4e8c-8497-1e730c959516","Directory Service","832","1004","DC300152260.DC300152260-00.local","S-1-5-7","11/27/2025 7:32:05 AM",,,"Directory Service","System.UInt32[]","System.Diagnostics.Eventing.Reader.EventBookmark","Information",,"Garbage Collection","System.Collections.ObjectModel.ReadOnlyCollection`1[System.String]","System.Collections.Generic.List`1[System.Diagnostics.Eventing.Reader.EventProperty]"
"Internal event: Online Defragment Stop invoked but defrag was not running.","3033","0","16384","4","6","0","-9187343239835811840","680","Microsoft-Windows-ActiveDirectory_DomainService","0e8478c5-3605-4e8c-8497-1e730c959516","Directory Service","832","1004","DC300152260.DC300152260-00.local","S-1-5-7","11/27/2025 7:32:05 AM",,,"Directory Service","System.UInt32[]","System.Diagnostics.Eventing.Reader.EventBookmark","Information",,"Garbage Collection","System.Collections.ObjectModel.ReadOnlyCollection`1[System.String]","System.Collections.Generic.List`1[System.Diagnostics.Eventing.Reader.EventProperty]"
"NTDS (832,D,0) NTDSA: Online defragmentation has completed a full pass on database 'C:\Windows\NTDS\ntds.dit', freeing 0 pages. This pass started on 11/27/2025 and ran for a total of 0 seconds, requiring 1 invocations over 1 days. Since the database was created it has been fully defragmented 113 times.","701","0","0","4","10","0","36028797018963968","679","NTDS ISAM",,"Directory Service","0","0","DC300152260.DC300152260-00.local",,"11/27/2025 7:32:05 AM",,,"Directory Service","System.UInt32[]","System.Diagnostics.Eventing.Reader.EventBookmark","Information","Info","Performance","System.Collections.ObjectModel.ReadOnlyCollection`1[System.String]","System.Collections.Generic.List`1[System.Diagnostics.Eventing.Reader.EventProperty]"
"NTDS (832,D,0) NTDSA: Online defragmentation is beginning a full pass on database 'C:\Windows\NTDS\ntds.dit'.","700","0","0","4","10","0","36028797018963968","678","NTDS ISAM",,"Directory Service","0","0","DC300152260.DC300152260-00.local",,"11/27/2025 7:32:05 AM",,,"Directory Service","System.UInt32[]","System.Diagnostics.Eventing.Reader.EventBookmark","Information","Info","Performance","System.Collections.ObjectModel.ReadOnlyCollection`1[System.String]","System.Collections.Generic.List`1[System.Diagnostics.Eventing.Reader.EventProperty]"
"Internal event: The Address Book hierarchy table has been rebuilt.","1162","0","16384","4","9","0","-9187343239835811840","677","Microsoft-Windows-ActiveDirectory_DomainService","0e8478c5-3605-4e8c-8497-1e730c959516","Directory Service","832","1004","DC300152260.DC300152260-00.local","S-1-5-7","11/27/2025 7:17:04 AM",,,"Directory Service","System.UInt32[]","System.Diagnostics.Eventing.Reader.EventBookmark","Information",,"Internal Processing","System.Collections.ObjectModel.ReadOnlyCollection`1[System.String]","System.Collections.Generic.List`1[System.Diagnostics.Eventing.Reader.EventProperty]"
"Internal event: Online Defragment Start succeeded. 
 
Duration in seconds:3600 
","3027","0","16384","4","6","0","-9187343239835811840","676","Microsoft-Windows-ActiveDirectory_DomainService","0e8478c5-3605-4e8c-8497-1e730c959516","Directory Service","832","1004","DC300152260.DC300152260-00.local","S-1-5-7","11/26/2025 7:32:06 PM",,,"Directory Service","System.UInt32[]","System.Diagnostics.Eventing.Reader.EventBookmark","Information",,"Garbage Collection","System.Collections.ObjectModel.ReadOnlyCollection`1[System.String]","System.Collections.Generic.List`1[System.Diagnostics.Eventing.Reader.EventProperty]"
"Internal event: Online Defragment Stop invoked but defrag was not running.","3033","0","16384","4","6","0","-9187343239835811840","675","Microsoft-Windows-ActiveDirectory_DomainService","0e8478c5-3605-4e8c-8497-1e730c959516","Directory Service","832","1004","DC300152260.DC300152260-00.local","S-1-5-7","11/26/2025 7:32:06 PM",,,"Directory Service","System.UInt32[]","System.Diagnostics.Eventing.Reader.EventBookmark","Information",,"Garbage Collection","System.Collections.ObjectModel.ReadOnlyCollection`1[System.String]","System.Collections.Generic.List`1[System.Diagnostics.Eventing.Reader.EventProperty]"
"NTDS (832,D,0) NTDSA: Online defragmentation has completed a full pass on database 'C:\Windows\NTDS\ntds.dit', freeing 0 pages. This pass started on 11/26/2025 and ran for a total of 0 seconds, requiring 1 invocations over 1 days. Since the database was created it has been fully defragmented 112 times.","701","0","0","4","10","0","36028797018963968","674","NTDS ISAM",,"Directory Service","0","0","DC300152260.DC300152260-00.local",,"11/26/2025 7:32:06 PM",,,"Directory Service","System.UInt32[]","System.Diagnostics.Eventing.Reader.EventBookmark","Information","Info","Performance","System.Collections.ObjectModel.ReadOnlyCollection`1[System.String]","System.Collections.Generic.List`1[System.Diagnostics.Eventing.Reader.EventProperty]"
"NTDS (832,D,0) NTDSA: Online defragmentation is beginning a full pass on database 'C:\Windows\NTDS\ntds.dit'.","700","0","0","4","10","0","36028797018963968","673","NTDS ISAM",,"Directory Service","0","0","DC300152260.DC300152260-00.local",,"11/26/2025 7:32:06 PM",,,"Directory Service","System.UInt32[]","System.Diagnostics.Eventing.Reader.EventBookmark","Information","Info","Performance","System.Collections.ObjectModel.ReadOnlyCollection`1[System.String]","System.Collections.Generic.List`1[System.Diagnostics.Eventing.Reader.EventProperty]"
"Internal event: The Address Book hierarchy table has been rebuilt.","1162","0","16384","4","9","0","-9187343239835811840","672","Microsoft-Windows-ActiveDirectory_DomainService","0e8478c5-3605-4e8c-8497-1e730c959516","Directory Service","832","1004","DC300152260.DC300152260-00.local","S-1-5-7","11/26/2025 7:17:05 PM",,,"Directory Service","System.UInt32[]","System.Diagnostics.Eventing.Reader.EventBookmark","Information",,"Internal Processing","System.Collections.ObjectModel.ReadOnlyCollection`1[System.String]","System.Collections.Generic.List`1[System.Diagnostics.Eventing.Reader.EventProperty]"
"The security of this directory server can be significantly enhanced by configuring the server to enforce  validation of Channel Binding Tokens received in LDAP bind requests sent over LDAPS connections. Even if  no clients are issuing LDAP bind requests over LDAPS, configuring the server to validate Channel Binding  Tokens will improve the security of this server. 
 
For more details and information on how to make this configuration change to the server, please see https://go.microsoft.com/fwlink/?linkid=2102405.","3041","0","32768","3","16","0","-9187343239835811840","671","Microsoft-Windows-ActiveDirectory_DomainService","0e8478c5-3605-4e8c-8497-1e730c959516","Directory Service","832","1004","DC300152260.DC300152260-00.local","S-1-5-7","11/26/2025 7:17:05 PM",,,"Directory Service","System.UInt32[]","System.Diagnostics.Eventing.Reader.EventBookmark","Warning",,"LDAP Interface","System.Collections.ObjectModel.ReadOnlyCollection`1[System.String]","System.Collections.Generic.List`1[System.Diagnostics.Eventing.Reader.EventProperty]"
"Internal event: Online Defragment Start succeeded. 
 
Duration in seconds:3600 
","3027","0","16384","4","6","0","-9187343239835811840","670","Microsoft-Windows-ActiveDirectory_DomainService","0e8478c5-3605-4e8c-8497-1e730c959516","Directory Service","832","1004","DC300152260.DC300152260-00.local","S-1-5-7","11/26/2025 7:32:07 AM",,,"Directory Service","System.UInt32[]","System.Diagnostics.Eventing.Reader.EventBookmark","Information",,"Garbage Collection","System.Collections.ObjectModel.ReadOnlyCollection`1[System.String]","System.Collections.Generic.List`1[System.Diagnostics.Eventing.Reader.EventProperty]"
"Internal event: Online Defragment Stop invoked but defrag was not running.","3033","0","16384","4","6","0","-9187343239835811840","669","Microsoft-Windows-ActiveDirectory_DomainService","0e8478c5-3605-4e8c-8497-1e730c959516","Directory Service","832","1004","DC300152260.DC300152260-00.local","S-1-5-7","11/26/2025 7:32:07 AM",,,"Directory Service","System.UInt32[]","System.Diagnostics.Eventing.Reader.EventBookmark","Information",,"Garbage Collection","System.Collections.ObjectModel.ReadOnlyCollection`1[System.String]","System.Collections.Generic.List`1[System.Diagnostics.Eventing.Reader.EventProperty]"
"NTDS (832,D,0) NTDSA: Online defragmentation has completed a full pass on database 'C:\Windows\NTDS\ntds.dit', freeing 0 pages. This pass started on 11/26/2025 and ran for a total of 0 seconds, requiring 1 invocations over 1 days. Since the database was created it has been fully defragmented 111 times.","701","0","0","4","10","0","36028797018963968","668","NTDS ISAM",,"Directory Service","0","0","DC300152260.DC300152260-00.local",,"11/26/2025 7:32:07 AM",,,"Directory Service","System.UInt32[]","System.Diagnostics.Eventing.Reader.EventBookmark","Information","Info","Performance","System.Collections.ObjectModel.ReadOnlyCollection`1[System.String]","System.Collections.Generic.List`1[System.Diagnostics.Eventing.Reader.EventProperty]"
"NTDS (832,D,0) NTDSA: Online defragmentation is beginning a full pass on database 'C:\Windows\NTDS\ntds.dit'.","700","0","0","4","10","0","36028797018963968","667","NTDS ISAM",,"Directory Service","0","0","DC300152260.DC300152260-00.local",,"11/26/2025 7:32:07 AM",,,"Directory Service","System.UInt32[]","System.Diagnostics.Eventing.Reader.EventBookmark","Information","Info","Performance","System.Collections.ObjectModel.ReadOnlyCollection`1[System.String]","System.Collections.Generic.List`1[System.Diagnostics.Eventing.Reader.EventProperty]"
"Internal event: The Address Book hierarchy table has been rebuilt.","1162","0","16384","4","9","0","-9187343239835811840","666","Microsoft-Windows-ActiveDirectory_DomainService","0e8478c5-3605-4e8c-8497-1e730c959516","Directory Service","832","1004","DC300152260.DC300152260-00.local","S-1-5-7","11/26/2025 7:17:06 AM",,,"Directory Service","System.UInt32[]","System.Diagnostics.Eventing.Reader.EventBookmark","Information",,"Internal Processing","System.Collections.ObjectModel.ReadOnlyCollection`1[System.String]","System.Collections.Generic.List`1[System.Diagnostics.Eventing.Reader.EventProperty]"
"Internal event: Online Defragment Start succeeded. 
 
Duration in seconds:3600 
","3027","0","16384","4","6","0","-9187343239835811840","665","Microsoft-Windows-ActiveDirectory_DomainService","0e8478c5-3605-4e8c-8497-1e730c959516","Directory Service","832","1004","DC300152260.DC300152260-00.local","S-1-5-7","11/25/2025 7:32:07 PM",,,"Directory Service","System.UInt32[]","System.Diagnostics.Eventing.Reader.EventBookmark","Information",,"Garbage Collection","System.Collections.ObjectModel.ReadOnlyCollection`1[System.String]","System.Collections.Generic.List`1[System.Diagnostics.Eventing.Reader.EventProperty]"
"Internal event: Online Defragment Stop invoked but defrag was not running.","3033","0","16384","4","6","0","-9187343239835811840","664","Microsoft-Windows-ActiveDirectory_DomainService","0e8478c5-3605-4e8c-8497-1e730c959516","Directory Service","832","1004","DC300152260.DC300152260-00.local","S-1-5-7","11/25/2025 7:32:07 PM",,,"Directory Service","System.UInt32[]","System.Diagnostics.Eventing.Reader.EventBookmark","Information",,"Garbage Collection","System.Collections.ObjectModel.ReadOnlyCollection`1[System.String]","System.Collections.Generic.List`1[System.Diagnostics.Eventing.Reader.EventProperty]"
"NTDS (832,D,0) NTDSA: Online defragmentation has completed a full pass on database 'C:\Windows\NTDS\ntds.dit', freeing 0 pages. This pass started on 11/25/2025 and ran for a total of 0 seconds, requiring 1 invocations over 1 days. Since the database was created it has been fully defragmented 110 times.","701","0","0","4","10","0","36028797018963968","663","NTDS ISAM",,"Directory Service","0","0","DC300152260.DC300152260-00.local",,"11/25/2025 7:32:07 PM",,,"Directory Service","System.UInt32[]","System.Diagnostics.Eventing.Reader.EventBookmark","Information","Info","Performance","System.Collections.ObjectModel.ReadOnlyCollection`1[System.String]","System.Collections.Generic.List`1[System.Diagnostics.Eventing.Reader.EventProperty]"
"NTDS (832,D,0) NTDSA: Online defragmentation is beginning a full pass on database 'C:\Windows\NTDS\ntds.dit'.","700","0","0","4","10","0","36028797018963968","662","NTDS ISAM",,"Directory Service","0","0","DC300152260.DC300152260-00.local",,"11/25/2025 7:32:07 PM",,,"Directory Service","System.UInt32[]","System.Diagnostics.Eventing.Reader.EventBookmark","Information","Info","Performance","System.Collections.ObjectModel.ReadOnlyCollection`1[System.String]","System.Collections.Generic.List`1[System.Diagnostics.Eventing.Reader.EventProperty]"
"Internal event: The Address Book hierarchy table has been rebuilt.","1162","0","16384","4","9","0","-9187343239835811840","661","Microsoft-Windows-ActiveDirectory_DomainService","0e8478c5-3605-4e8c-8497-1e730c959516","Directory Service","832","1004","DC300152260.DC300152260-00.local","S-1-5-7","11/25/2025 7:17:07 PM",,,"Directory Service","System.UInt32[]","System.Diagnostics.Eventing.Reader.EventBookmark","Information",,"Internal Processing","System.Collections.ObjectModel.ReadOnlyCollection`1[System.String]","System.Collections.Generic.List`1[System.Diagnostics.Eventing.Reader.EventProperty]"
"The security of this directory server can be significantly enhanced by configuring the server to enforce  validation of Channel Binding Tokens received in LDAP bind requests sent over LDAPS connections. Even if  no clients are issuing LDAP bind requests over LDAPS, configuring the server to validate Channel Binding  Tokens will improve the security of this server. 
 
For more details and information on how to make this configuration change to the server, please see https://go.microsoft.com/fwlink/?linkid=2102405.","3041","0","32768","3","16","0","-9187343239835811840","660","Microsoft-Windows-ActiveDirectory_DomainService","0e8478c5-3605-4e8c-8497-1e730c959516","Directory Service","832","1004","DC300152260.DC300152260-00.local","S-1-5-7","11/25/2025 7:17:07 PM",,,"Directory Service","System.UInt32[]","System.Diagnostics.Eventing.Reader.EventBookmark","Warning",,"LDAP Interface","System.Collections.ObjectModel.ReadOnlyCollection`1[System.String]","System.Collections.Generic.List`1[System.Diagnostics.Eventing.Reader.EventProperty]"
"Internal event: Online Defragment Start succeeded. 
 
Duration in seconds:3600 
","3027","0","16384","4","6","0","-9187343239835811840","659","Microsoft-Windows-ActiveDirectory_DomainService","0e8478c5-3605-4e8c-8497-1e730c959516","Directory Service","832","1004","DC300152260.DC300152260-00.local","S-1-5-7","11/25/2025 7:32:08 AM",,,"Directory Service","System.UInt32[]","System.Diagnostics.Eventing.Reader.EventBookmark","Information",,"Garbage Collection","System.Collections.ObjectModel.ReadOnlyCollection`1[System.String]","System.Collections.Generic.List`1[System.Diagnostics.Eventing.Reader.EventProperty]"
"Internal event: Online Defragment Stop invoked but defrag was not running.","3033","0","16384","4","6","0","-9187343239835811840","658","Microsoft-Windows-ActiveDirectory_DomainService","0e8478c5-3605-4e8c-8497-1e730c959516","Directory Service","832","1004","DC300152260.DC300152260-00.local","S-1-5-7","11/25/2025 7:32:08 AM",,,"Directory Service","System.UInt32[]","System.Diagnostics.Eventing.Reader.EventBookmark","Information",,"Garbage Collection","System.Collections.ObjectModel.ReadOnlyCollection`1[System.String]","System.Collections.Generic.List`1[System.Diagnostics.Eventing.Reader.EventProperty]"
"NTDS (832,D,0) NTDSA: Online defragmentation has completed a full pass on database 'C:\Windows\NTDS\ntds.dit', freeing 0 pages. This pass started on 11/25/2025 and ran for a total of 0 seconds, requiring 1 invocations over 1 days. Since the database was created it has been fully defragmented 109 times.","701","0","0","4","10","0","36028797018963968","657","NTDS ISAM",,"Directory Service","0","0","DC300152260.DC300152260-00.local",,"11/25/2025 7:32:08 AM",,,"Directory Service","System.UInt32[]","System.Diagnostics.Eventing.Reader.EventBookmark","Information","Info","Performance","System.Collections.ObjectModel.ReadOnlyCollection`1[System.String]","System.Collections.Generic.List`1[System.Diagnostics.Eventing.Reader.EventProperty]"
"NTDS (832,D,0) NTDSA: Online defragmentation is beginning a full pass on database 'C:\Windows\NTDS\ntds.dit'.","700","0","0","4","10","0","36028797018963968","656","NTDS ISAM",,"Directory Service","0","0","DC300152260.DC300152260-00.local",,"11/25/2025 7:32:08 AM",,,"Directory Service","System.UInt32[]","System.Diagnostics.Eventing.Reader.EventBookmark","Information","Info","Performance","System.Collections.ObjectModel.ReadOnlyCollection`1[System.String]","System.Collections.Generic.List`1[System.Diagnostics.Eventing.Reader.EventProperty]"
"Internal event: The Address Book hierarchy table has been rebuilt.","1162","0","16384","4","9","0","-9187343239835811840","655","Microsoft-Windows-ActiveDirectory_DomainService","0e8478c5-3605-4e8c-8497-1e730c959516","Directory Service","832","1004","DC300152260.DC300152260-00.local","S-1-5-7","11/25/2025 7:17:08 AM",,,"Directory Service","System.UInt32[]","System.Diagnostics.Eventing.Reader.EventBookmark","Information",,"Internal Processing","System.Collections.ObjectModel.ReadOnlyCollection`1[System.String]","System.Collections.Generic.List`1[System.Diagnostics.Eventing.Reader.EventProperty]"
"Internal event: Online Defragment Start succeeded. 
 
Duration in seconds:3600 
","3027","0","16384","4","6","0","-9187343239835811840","654","Microsoft-Windows-ActiveDirectory_DomainService","0e8478c5-3605-4e8c-8497-1e730c959516","Directory Service","832","1004","DC300152260.DC300152260-00.local","S-1-5-7","11/24/2025 7:32:09 PM",,,"Directory Service","System.UInt32[]","System.Diagnostics.Eventing.Reader.EventBookmark","Information",,"Garbage Collection","System.Collections.ObjectModel.ReadOnlyCollection`1[System.String]","System.Collections.Generic.List`1[System.Diagnostics.Eventing.Reader.EventProperty]"
"Internal event: Online Defragment Stop invoked but defrag was not running.","3033","0","16384","4","6","0","-9187343239835811840","653","Microsoft-Windows-ActiveDirectory_DomainService","0e8478c5-3605-4e8c-8497-1e730c959516","Directory Service","832","1004","DC300152260.DC300152260-00.local","S-1-5-7","11/24/2025 7:32:09 PM",,,"Directory Service","System.UInt32[]","System.Diagnostics.Eventing.Reader.EventBookmark","Information",,"Garbage Collection","System.Collections.ObjectModel.ReadOnlyCollection`1[System.String]","System.Collections.Generic.List`1[System.Diagnostics.Eventing.Reader.EventProperty]"
"NTDS (832,D,0) NTDSA: Online defragmentation has completed a full pass on database 'C:\Windows\NTDS\ntds.dit', freeing 0 pages. This pass started on 11/24/2025 and ran for a total of 0 seconds, requiring 1 invocations over 1 days. Since the database was created it has been fully defragmented 108 times.","701","0","0","4","10","0","36028797018963968","652","NTDS ISAM",,"Directory Service","0","0","DC300152260.DC300152260-00.local",,"11/24/2025 7:32:09 PM",,,"Directory Service","System.UInt32[]","System.Diagnostics.Eventing.Reader.EventBookmark","Information","Info","Performance","System.Collections.ObjectModel.ReadOnlyCollection`1[System.String]","System.Collections.Generic.List`1[System.Diagnostics.Eventing.Reader.EventProperty]"
"NTDS (832,D,0) NTDSA: Online defragmentation is beginning a full pass on database 'C:\Windows\NTDS\ntds.dit'.","700","0","0","4","10","0","36028797018963968","651","NTDS ISAM",,"Directory Service","0","0","DC300152260.DC300152260-00.local",,"11/24/2025 7:32:09 PM",,,"Directory Service","System.UInt32[]","System.Diagnostics.Eventing.Reader.EventBookmark","Information","Info","Performance","System.Collections.ObjectModel.ReadOnlyCollection`1[System.String]","System.Collections.Generic.List`1[System.Diagnostics.Eventing.Reader.EventProperty]"
"Internal event: The Address Book hierarchy table has been rebuilt.","1162","0","16384","4","9","0","-9187343239835811840","650","Microsoft-Windows-ActiveDirectory_DomainService","0e8478c5-3605-4e8c-8497-1e730c959516","Directory Service","832","1004","DC300152260.DC300152260-00.local","S-1-5-7","11/24/2025 7:17:09 PM",,,"Directory Service","System.UInt32[]","System.Diagnostics.Eventing.Reader.EventBookmark","Information",,"Internal Processing","System.Collections.ObjectModel.ReadOnlyCollection`1[System.String]","System.Collections.Generic.List`1[System.Diagnostics.Eventing.Reader.EventProperty]"
"The security of this directory server can be significantly enhanced by configuring the server to enforce  validation of Channel Binding Tokens received in LDAP bind requests sent over LDAPS connections. Even if  no clients are issuing LDAP bind requests over LDAPS, configuring the server to validate Channel Binding  Tokens will improve the security of this server. 
 
For more details and information on how to make this configuration change to the server, please see https://go.microsoft.com/fwlink/?linkid=2102405.","3041","0","32768","3","16","0","-9187343239835811840","649","Microsoft-Windows-ActiveDirectory_DomainService","0e8478c5-3605-4e8c-8497-1e730c959516","Directory Service","832","1004","DC300152260.DC300152260-00.local","S-1-5-7","11/24/2025 7:17:08 PM",,,"Directory Service","System.UInt32[]","System.Diagnostics.Eventing.Reader.EventBookmark","Warning",,"LDAP Interface","System.Collections.ObjectModel.ReadOnlyCollection`1[System.String]","System.Collections.Generic.List`1[System.Diagnostics.Eventing.Reader.EventProperty]"
"Internal event: Online Defragment Start succeeded. 
 
Duration in seconds:3600 
","3027","0","16384","4","6","0","-9187343239835811840","648","Microsoft-Windows-ActiveDirectory_DomainService","0e8478c5-3605-4e8c-8497-1e730c959516","Directory Service","832","1004","DC300152260.DC300152260-00.local","S-1-5-7","11/24/2025 7:32:10 AM",,,"Directory Service","System.UInt32[]","System.Diagnostics.Eventing.Reader.EventBookmark","Information",,"Garbage Collection","System.Collections.ObjectModel.ReadOnlyCollection`1[System.String]","System.Collections.Generic.List`1[System.Diagnostics.Eventing.Reader.EventProperty]"
"Internal event: Online Defragment Stop invoked but defrag was not running.","3033","0","16384","4","6","0","-9187343239835811840","647","Microsoft-Windows-ActiveDirectory_DomainService","0e8478c5-3605-4e8c-8497-1e730c959516","Directory Service","832","1004","DC300152260.DC300152260-00.local","S-1-5-7","11/24/2025 7:32:10 AM",,,"Directory Service","System.UInt32[]","System.Diagnostics.Eventing.Reader.EventBookmark","Information",,"Garbage Collection","System.Collections.ObjectModel.ReadOnlyCollection`1[System.String]","System.Collections.Generic.List`1[System.Diagnostics.Eventing.Reader.EventProperty]"
"NTDS (832,D,0) NTDSA: Online defragmentation has completed a full pass on database 'C:\Windows\NTDS\ntds.dit', freeing 0 pages. This pass started on 11/24/2025 and ran for a total of 0 seconds, requiring 1 invocations over 1 days. Since the database was created it has been fully defragmented 107 times.","701","0","0","4","10","0","36028797018963968","646","NTDS ISAM",,"Directory Service","0","0","DC300152260.DC300152260-00.local",,"11/24/2025 7:32:10 AM",,,"Directory Service","System.UInt32[]","System.Diagnostics.Eventing.Reader.EventBookmark","Information","Info","Performance","System.Collections.ObjectModel.ReadOnlyCollection`1[System.String]","System.Collections.Generic.List`1[System.Diagnostics.Eventing.Reader.EventProperty]"
"NTDS (832,D,0) NTDSA: Online defragmentation is beginning a full pass on database 'C:\Windows\NTDS\ntds.dit'.","700","0","0","4","10","0","36028797018963968","645","NTDS ISAM",,"Directory Service","0","0","DC300152260.DC300152260-00.local",,"11/24/2025 7:32:10 AM",,,"Directory Service","System.UInt32[]","System.Diagnostics.Eventing.Reader.EventBookmark","Information","Info","Performance","System.Collections.ObjectModel.ReadOnlyCollection`1[System.String]","System.Collections.Generic.List`1[System.Diagnostics.Eventing.Reader.EventProperty]"
"Internal event: The Address Book hierarchy table has been rebuilt.","1162","0","16384","4","9","0","-9187343239835811840","644","Microsoft-Windows-ActiveDirectory_DomainService","0e8478c5-3605-4e8c-8497-1e730c959516","Directory Service","832","1004","DC300152260.DC300152260-00.local","S-1-5-7","11/24/2025 7:17:09 AM",,,"Directory Service","System.UInt32[]","System.Diagnostics.Eventing.Reader.EventBookmark","Information",,"Internal Processing","System.Collections.ObjectModel.ReadOnlyCollection`1[System.String]","System.Collections.Generic.List`1[System.Diagnostics.Eventing.Reader.EventProperty]"
"Internal event: Online Defragment Start succeeded. 
 
Duration in seconds:3600 
","3027","0","16384","4","6","0","-9187343239835811840","643","Microsoft-Windows-ActiveDirectory_DomainService","0e8478c5-3605-4e8c-8497-1e730c959516","Directory Service","832","1004","DC300152260.DC300152260-00.local","S-1-5-7","11/23/2025 7:32:11 PM",,,"Directory Service","System.UInt32[]","System.Diagnostics.Eventing.Reader.EventBookmark","Information",,"Garbage Collection","System.Collections.ObjectModel.ReadOnlyCollection`1[System.String]","System.Collections.Generic.List`1[System.Diagnostics.Eventing.Reader.EventProperty]"
"Internal event: Online Defragment Stop invoked but defrag was not running.","3033","0","16384","4","6","0","-9187343239835811840","642","Microsoft-Windows-ActiveDirectory_DomainService","0e8478c5-3605-4e8c-8497-1e730c959516","Directory Service","832","1004","DC300152260.DC300152260-00.local","S-1-5-7","11/23/2025 7:32:11 PM",,,"Directory Service","System.UInt32[]","System.Diagnostics.Eventing.Reader.EventBookmark","Information",,"Garbage Collection","System.Collections.ObjectModel.ReadOnlyCollection`1[System.String]","System.Collections.Generic.List`1[System.Diagnostics.Eventing.Reader.EventProperty]"
"NTDS (832,D,0) NTDSA: Online defragmentation has completed a full pass on database 'C:\Windows\NTDS\ntds.dit', freeing 0 pages. This pass started on 11/23/2025 and ran for a total of 0 seconds, requiring 1 invocations over 1 days. Since the database was created it has been fully defragmented 106 times.","701","0","0","4","10","0","36028797018963968","641","NTDS ISAM",,"Directory Service","0","0","DC300152260.DC300152260-00.local",,"11/23/2025 7:32:11 PM",,,"Directory Service","System.UInt32[]","System.Diagnostics.Eventing.Reader.EventBookmark","Information","Info","Performance","System.Collections.ObjectModel.ReadOnlyCollection`1[System.String]","System.Collections.Generic.List`1[System.Diagnostics.Eventing.Reader.EventProperty]"
"NTDS (832,D,0) NTDSA: Online defragmentation is beginning a full pass on database 'C:\Windows\NTDS\ntds.dit'.","700","0","0","4","10","0","36028797018963968","640","NTDS ISAM",,"Directory Service","0","0","DC300152260.DC300152260-00.local",,"11/23/2025 7:32:11 PM",,,"Directory Service","System.UInt32[]","System.Diagnostics.Eventing.Reader.EventBookmark","Information","Info","Performance","System.Collections.ObjectModel.ReadOnlyCollection`1[System.String]","System.Collections.Generic.List`1[System.Diagnostics.Eventing.Reader.EventProperty]"
"Internal event: The Address Book hierarchy table has been rebuilt.","1162","0","16384","4","9","0","-9187343239835811840","639","Microsoft-Windows-ActiveDirectory_DomainService","0e8478c5-3605-4e8c-8497-1e730c959516","Directory Service","832","1004","DC300152260.DC300152260-00.local","S-1-5-7","11/23/2025 7:17:10 PM",,,"Directory Service","System.UInt32[]","System.Diagnostics.Eventing.Reader.EventBookmark","Information",,"Internal Processing","System.Collections.ObjectModel.ReadOnlyCollection`1[System.String]","System.Collections.Generic.List`1[System.Diagnostics.Eventing.Reader.EventProperty]"
"The security of this directory server can be significantly enhanced by configuring the server to enforce  validation of Channel Binding Tokens received in LDAP bind requests sent over LDAPS connections. Even if  no clients are issuing LDAP bind requests over LDAPS, configuring the server to validate Channel Binding  Tokens will improve the security of this server. 
 
For more details and information on how to make this configuration change to the server, please see https://go.microsoft.com/fwlink/?linkid=2102405.","3041","0","32768","3","16","0","-9187343239835811840","638","Microsoft-Windows-ActiveDirectory_DomainService","0e8478c5-3605-4e8c-8497-1e730c959516","Directory Service","832","1004","DC300152260.DC300152260-00.local","S-1-5-7","11/23/2025 7:17:10 PM",,,"Directory Service","System.UInt32[]","System.Diagnostics.Eventing.Reader.EventBookmark","Warning",,"LDAP Interface","System.Collections.ObjectModel.ReadOnlyCollection`1[System.String]","System.Collections.Generic.List`1[System.Diagnostics.Eventing.Reader.EventProperty]"
